condition_cui,snomed_code,action,note
168654,1204217000,add,"draft: narrower (acute arterial occlusion only); can only miss patients, not include wrong ones"
168659,92546004,add,"draft: same concept (carcinoma in situ of urinary bladder)"
576,307649006,add,"draft: primary CNS lymphoma; HemOnc's own code 11860007 is not in the vocabulary"
168670,439274008,add,"draft: same concept (hereditary protein C deficiency)"
162856,840424008,add,"draft: same concept (DLBCL of stomach)"
160443,11471000224106,add,"draft: narrower (DIPG is one diffuse midline glioma subtype)"
597,307608006,add,"draft: narrower (bone only); HemOnc's own code is a morphology, not a disorder"
168674,721628002,add,"draft: same concept (adenocarcinoma of esophagogastric junction)"
606,442537007,add,"draft: narrower (HIV-associated NHL only, not Hodgkin)"
618,16922007,add,"draft: hereditary coagulation factor deficiency; HemOnc's own map is the broader 'Blood coagulation disorder' (up)"
60907,722684000,add,"draft: same concept (low grade serous adenocarcinoma of ovary)"
637,414166008,add,"draft: narrower (extranodal NK/T-cell lymphoma, nasal type); HemOnc's own code is not a condition concept here"
37829,1196998001,add,"draft: malignant PEComa; HemOnc's own code is a morphology, not a disorder"
168691,13507004,add,"draft: same concept (purpura fulminans)"
28039,1208451008,add,"draft: same concept (urothelial carcinoma of upper urinary tract)"
677,1197334002,add,"draft: same concept (malignant melanoma of uveal tract); HemOnc's own map is the broader 'melanoma of eye' (up)"
599,303055001,add,"draft: legacy SNOMED synonym of follicular lymphoma outside its hierarchy; adds recall"
66360,277587001,add,"draft: legacy SNOMED synonym of JMML outside its hierarchy; adds recall"
630,393566004,add,"draft: meningioma itself"
630,126965008,remove,"draft: HemOnc's 'Neoplasm of meninges' is broader than meningioma (includes other meningeal tumours)"
168687,213148006,add,"draft: transplanted organ rejection; skipped the broader 'Graft rejection'"
168689,302833002,add,"draft: paraganglioma itself; skipped the broader 'Neoplasm of paraganglion'"
47742,310605004,add,"draft: synonym of tenosynovial giant cell tumour (giant cell tumour / fibrous histiocytoma of tendon sheath); adds recall"
