condition_cui,condition,map_SNOMED,map_type_SNOMED,original_map_SNOMED,original_map_type_SNOMED,reason
560,Anaplastic large cell lymphoma,702785000,exact,53237008,exact,crosswalk gap-fill from NCIt C3720 (exact)
572,Breast cancer,254838004,exact,254837009,exact,crosswalk gap-fill from NCIt C4872 (exact); HemOnc's map demoted (not_narrower_than:Malignant breast neoplasm)
580,Cholangiocarcinoma,312104005,exact,70179006,exact,crosswalk gap-fill from NCIt C4436 (exact)
678,Vascular sarcoma,1254957001,exact,125496005,exact,crosswalk gap-fill from NCIt C8538 (exact)
13940,MALT lymphoma,277622004|445269007,exact,128803008,exact,crosswalk gap-fill from NCIt C3898 (exact)
46080,Bone marrow failure syndrome,127034005,exact,127035006,up,crosswalk gap-fill from NCIt C80693 (exact)
112856,High-grade B-cell lymphoma,277617004,up,277617004,exact,demoted: not_narrower_than:B-cell lymphoma
139953,Congenital thrombotic thrombocytopenic purpura,373420004,exact,343420004,exact,crosswalk gap-fill from NCIt C131657 (exact)
161377,Chemotherapy-induced nausea and vomiting,18846006,exact,,,crosswalk gap-fill from NCIt C107528 (exact)
161380,Hepatitis B virus infection,66071002,exact,,,crosswalk gap-fill from NCIt C3097 (exact)
161381,Obesity,414915002|414916001,exact,,,crosswalk gap-fill from NCIt C3283 (exact)
161383,Dyspnea,230145002|267036007,exact,,,crosswalk gap-fill from NCIt C2998 (exact)
161384,Cancer-related fatigue,716749005,exact,,,crosswalk gap-fill from NCIt C5062 (exact)
161385,Chemotherapy-induced peripheral neuropathy,767659008,exact,,,crosswalk gap-fill from NCIt C156348 (exact)
161386,Mucositis,95361005,exact,,,crosswalk gap-fill from NCIt C115965 (exact)
161387,Febrile neutropenia,409089005,exact,,,crosswalk gap-fill from NCIt C35665 (exact)
161389,Insomnia,193462001,exact,,,crosswalk gap-fill from NCIt C28286 (exact)
161397,Constipation,14760008,exact,,,crosswalk gap-fill from NCIt C37930 (exact)
161398,Pneumocystis jirovecii pneumonia,415125002,exact,,,crosswalk gap-fill from NCIt C3334 (exact)
168448,Thyroid cancer anaplastic,255031003,exact,,,crosswalk gap-fill from NCIt C3878 (exact)
168472,Tumor lysis syndrome,277605001,exact,,,crosswalk gap-fill from NCIt C3425 (exact)
168651,Acromegaly,74107003,exact,,,crosswalk gap-fill from NCIt C84533 (exact)
168652,Acute coronary syndrome,394659003,exact,,,crosswalk gap-fill from NCIt C53652 (exact)
168653,Antithrombin III deficiency,36351005,exact,,,crosswalk gap-fill from NCIt C98815 (exact)
168655,Asthma,195967001,exact,,,crosswalk gap-fill from NCIt C28397 (exact)
168656,Atrial fibrillation,49436004,exact,,,crosswalk gap-fill from NCIt C50466 (exact)
168658,Benign prostatic hyperplasia,266569009,exact,,,crosswalk gap-fill from NCIt C2897 (exact)
168661,Bone lesions,879976004,exact,,,crosswalk gap-fill from NCIt C43260 (exact)
168663,Carcinoid syndrome,35868009,exact,,,crosswalk gap-fill from NCIt C3215 (exact)
168664,Carcinoma,722688002,exact,,,crosswalk gap-fill from NCIt C2916 (exact)
168666,Chronic eosinophilic leukemia,188733003,exact,,,crosswalk gap-fill from NCIt C4563 (exact)
168667,Chronic HCV,128302006,exact,,,crosswalk gap-fill from NCIt C197873 (exact)
168669,Congenital factor VII deficiency,40855001,exact,,,crosswalk gap-fill from NCIt C98939 (exact)
168673,Gastric ulcer,397825006,exact,,,crosswalk gap-fill from NCIt C3388 (exact)
168675,Germ cell tumor,402878003,exact,,,crosswalk gap-fill from NCIt C3708 (exact)
168676,Glanzmann thrombasthenia,32942005,exact,,,crosswalk gap-fill from NCIt C61249 (exact)
168677,Histiocytic lymphoma,109988003,exact,,,crosswalk gap-fill from NCIt C35382 (exact)
168679,Hyperuricemia,35885006,exact,,,crosswalk gap-fill from NCIt C3961 (exact)
168680,Idiopathic pulmonary fibrosis,700250006,exact,,,crosswalk gap-fill from NCIt C35716 (exact)
168681,Iron deficiency anemia,87522002,exact,,,crosswalk gap-fill from NCIt C84484 (exact)
168682,Methotrexate toxicity,290680001,exact,,,crosswalk gap-fill from NCIt C81194 (exact)
168683,Multiple sclerosis,24700007,exact,,,crosswalk gap-fill from NCIt C3243 (exact)
168684,Myasthenia gravis,91637004,exact,,,crosswalk gap-fill from NCIt C60989 (exact)
168685,Nausea and vomiting,16932000,exact,,,crosswalk gap-fill from NCIt C3259 (exact)
168686,Neutropenia,165517008,exact,,,crosswalk gap-fill from NCIt C80520 (exact)
168688,Osteoporosis,64859006,exact,,,crosswalk gap-fill from NCIt C3298 (exact)
168689,Paraganglioma,253029009,exact,,,crosswalk gap-fill from NCIt C3308 (exact)
168690,Plexiform neurofibroma,403818001,exact,,,crosswalk gap-fill from NCIt C3797 (exact)
168692,Renal angiomyolipoma,254921004,exact,,,crosswalk gap-fill from NCIt C3888 (exact)
168693,Rheumatoid arthritis,69896004,exact,,,crosswalk gap-fill from NCIt C2884 (exact)
168694,Salivary gland tumor,235132004,exact,,,crosswalk gap-fill from NCIt C3361 (exact)
168697,Testicular cancer nonseminoma,107691000119101,exact,,,crosswalk gap-fill from NCIt C9313 (exact)
168699,Uterine fibroid,146801000119103|95315005,exact,,,crosswalk gap-fill from NCIt C3434 (exact)
